{"cameraMode":{"drawMode":0,"name":"Shaded","section":"Shading Mode"},"sceneLighting":true,"audioPlay":false,"sceneViewState":{"m_AlwaysRefresh":false,"showFog":true,"showSkybox":true,"showFlares":true,"showImageEffects":true,"showParticleSystems":true,"showVisualEffectGraphs":true,"m_FxEnabled":false},"in2DMode":false,"pivot":{"x":420.30938720703127,"y":235.1950225830078,"z":-599.908935546875},"rotation":{"x":-0.00749762961640954,"y":0.022496620193123819,"z":0.00017033184121828526,"w":0.9997126460075378},"size":12.461819648742676,"orthographic":false}