{"cameraMode":{"drawMode":0,"name":"Shaded","section":"Shading Mode"},"sceneLighting":true,"audioPlay":false,"sceneViewState":{"m_AlwaysRefresh":false,"showFog":true,"showSkybox":true,"showFlares":true,"showImageEffects":true,"showParticleSystems":true,"showVisualEffectGraphs":true,"m_FxEnabled":true},"in2DMode":false,"pivot":{"x":452.698974609375,"y":185.4364471435547,"z":-988.2689208984375},"rotation":{"x":0.045859355479478839,"y":-0.030532026663422586,"z":-0.0015295199118554593,"w":-0.9983514547348023},"size":5.645321369171143,"orthographic":false}